{
  "model_pricing": {
    "gpt-4.1-nano": [0.0001, 0.0004],
    "gpt-4.1-mini": [0.0004, 0.0016],
    "gpt-4.1": [0.002, 0.008],
    "gpt-4o-mini": [0.00015, 0.0006],
    "gpt-4o": [0.0025, 0.01],
    "gpt-4-turbo-preview": [0.01, 0.03],
    "gpt-4-turbo": [0.01, 0.03],
    "gpt-4-32k": [0.06, 0.12],
    "gpt-4": [0.03, 0.06],
    "gpt-3.5-turbo-16k": [0.003, 0.004],
    "gpt-3.5-turbo": [0.0005, 0.0015],
    "o1-preview": [0.015, 0.06],
    "o1-mini": [0.003, 0.012],
    "o1": [0.015, 0.06],
    "o3-mini": [0.00115, 0.0044],
    "claude-3.5-sonnet": [0.003, 0.015],
    "claude-3.5-haiku": [0.0008, 0.004],
    "claude-3-opus": [0.015, 0.075],
    "claude-3-sonnet": [0.003, 0.015],
    "claude-3-haiku": [0.00025, 0.00125],
    "claude-2": [0.008, 0.024],
    "gemini-2.0-flash": [0.0001, 0.0004],
    "gemini-1.5-pro": [0.00125, 0.005],
    "gemini-1.5-flash": [0.000075, 0.0003],
    "gemini-pro": [0.0005, 0.0015],
    "mistral-large": [0.004, 0.012],
    "mistral-medium": [0.0027, 0.0081],
    "mistral-small": [0.001, 0.003],
    "mixtral-8x7b": [0.0007, 0.0007],
    "mistral-7b": [0.00025, 0.00025],
    "llama-3": [0.0002, 0.0002],
    "llama-2": [0.0001, 0.0001],
    "deepseek": [0.00027, 0.0011],
    "default": [0.002, 0.006]
  }
}



